OrderID,OrderDate,OrderTime,Location,FoodItem,Quantity,Price,CustomerRating
1,24-11-2025,03:01,Madurai,Paneer Butter Masala,3,182.85,3.3
2,13-12-2025,23:57,Madurai,Pasta,1,328.01,3.1
3,22-04-2025,07:32,Tirunelveli,Sandwich,1,315.72,4.4
4,07-10-2025,13:14,Chennai,Noodles,5,196.84,4.7
5,24-12-2025,13:21,Madurai,Idli,2,170.43,4.5
6,17-02-2025,12:06,Tirunelveli,Fried Rice,3,333.56,4.6
7,24-08-2025,17:07,Salem,Parotta,1,311.86,4.7
8,05-07-2025,18:12,Coimbatore,Paneer Butter Masala,1,99.25,3.5
9,10-02-2025,07:55,Coimbatore,Pizza,4,196.75,4.3
10,25-03-2025,11:22,Madurai,Dosa,3,374.76,4.4
11,08-11-2025,20:10,Tirunelveli,Pasta,2,148.63,3.8
12,19-12-2025,17:14,Chennai,Chicken 65,3,434,4.6
13,17-01-2025,10:25,Tirunelveli,Idli,1,168.61,4.9
14,11-06-2025,06:41,Chennai,Noodles,4,451.57,4.3
15,16-05-2025,04:15,Trichy,Paneer Butter Masala,5,306.37,4.5
16,26-10-2025,12:23,Madurai,Dosa,2,294,3.2
17,26-02-2025,04:40,Salem,Burger,4,330.49,3.8
18,28-08-2025,16:16,Salem,Pasta,1,365.72,3.2
19,17-05-2025,20:21,Tirunelveli,Pizza,3,262.6,3.9
20,15-05-2025,16:48,Coimbatore,Burger,5,463.3,4.7
21,24-11-2025,16:38,Salem,Dosa,2,237.04,3.3
22,01-01-2025,19:20,Coimbatore,Noodles,1,126.98,3.7
23,03-05-2025,01:15,Madurai,Sandwich,1,115.97,4
24,30-09-2025,04:08,Salem,Chicken 65,4,477.68,3.3
25,07-11-2025,13:13,Tirunelveli,Pasta,2,379.44,3.8
26,29-11-2025,11:28,Coimbatore,Pasta,4,130.82,3.4
27,11-01-2025,18:35,Tirunelveli,Dosa,5,172.49,3.1
28,31-01-2025,07:04,Tirunelveli,Biryani,3,109.76,3.5
29,06-09-2025,06:34,Trichy,Burger,5,322.01,3.5
30,28-07-2025,06:06,Tirunelveli,Pizza,4,228.8,3.8
31,28-01-2025,21:41,Madurai,Chicken 65,1,105.46,4.5
32,08-05-2025,06:12,Trichy,Pasta,4,138.88,3.4
33,08-05-2025,02:28,Madurai,Pasta,1,101.25,5
34,17-02-2025,07:10,Madurai,Parotta,4,282.17,4.7
35,26-03-2025,12:00,Coimbatore,Parotta,3,469.14,4.6
36,05-08-2025,22:46,Madurai,Pasta,4,145.01,3.6
37,24-10-2025,23:34,Salem,Biryani,3,104.01,4.2
38,29-09-2025,05:03,Madurai,Pasta,1,437.56,3.1
39,12-12-2025,07:25,Salem,Pizza,5,183.41,4.2
40,11-02-2025,13:42,Chennai,Sandwich,5,299.57,4.9
41,09-12-2025,22:20,Coimbatore,Dosa,3,246.23,4.3
42,23-08-2025,10:59,Madurai,Pizza,1,272.48,5
43,07-02-2025,17:13,Madurai,Pasta,3,135.63,3.7
44,06-05-2025,11:18,Salem,Burger,4,430.17,4.4
45,01-12-2025,16:00,Chennai,Chicken 65,5,205.74,4.3
46,16-05-2025,03:56,Chennai,Pizza,5,145.29,3.6
47,25-06-2025,06:43,Madurai,Chicken 65,3,292.27,3.5
48,17-02-2025,20:27,Tirunelveli,Idli,1,81.49,4.5
49,15-05-2025,05:47,Madurai,Noodles,5,376.38,4.1
50,08-02-2025,22:57,Salem,Burger,5,95.13,3.7
51,17-03-2025,13:08,Madurai,Biryani,3,233.15,4.9
52,03-07-2025,06:43,Trichy,Dosa,1,228.55,4.1
53,14-11-2025,23:09,Trichy,Dosa,2,490.01,4.6
54,13-01-2025,05:47,Chennai,Fried Rice,4,416.94,4.7
55,17-05-2025,05:50,Trichy,Paneer Butter Masala,1,240.67,3.1
56,24-04-2025,06:52,Chennai,Noodles,3,208.18,4.6
57,25-04-2025,00:42,Coimbatore,Dosa,4,217.87,4.7
58,29-06-2025,20:32,Coimbatore,Parotta,5,219.08,3.1
59,02-04-2025,18:16,Coimbatore,Biryani,1,330.56,3.7
60,12-08-2025,19:32,Madurai,Pizza,4,457.79,3.4
61,29-12-2025,13:00,Tirunelveli,Pasta,5,368.48,4.9
62,10-12-2025,06:23,Salem,Parotta,1,478.53,4.8
63,10-06-2025,21:54,Coimbatore,Pizza,3,292.99,4.3
64,26-07-2025,22:18,Trichy,Pasta,2,160.57,4.3
65,13-12-2025,23:57,Madurai,Burger,5,319.02,3.8
66,05-06-2025,09:13,Trichy,Parotta,5,334.8,3.6
67,15-08-2025,21:13,Tirunelveli,Pasta,4,413.37,4.9
68,28-03-2025,21:05,Madurai,Idli,5,358.82,4.2
69,01-05-2025,21:19,Trichy,Dosa,2,141.89,3.1
70,09-11-2025,02:29,Trichy,Parotta,5,161.66,4.4
71,24-07-2025,07:09,Madurai,Chicken 65,1,454.92,4.7
72,06-08-2025,07:11,Madurai,Paneer Butter Masala,5,275.11,4.1
73,22-08-2025,04:51,Trichy,Noodles,5,494.91,4.2
74,10-11-2025,23:57,Chennai,Pasta,4,428.84,4.1
75,01-09-2025,14:16,Tirunelveli,Dosa,3,401.64,4
76,03-05-2025,08:28,Salem,Pizza,3,178.49,3.7
77,11-02-2025,04:09,Madurai,Dosa,4,371.46,4.4
78,01-08-2025,13:21,Trichy,Pasta,4,254.63,3.4
79,19-07-2025,18:44,Coimbatore,Biryani,5,239.76,3
80,02-06-2025,12:54,Salem,Parotta,5,393.96,4.1
81,23-04-2025,15:14,Tirunelveli,Idli,4,283.97,3.8
82,14-12-2025,12:46,Salem,Burger,4,466.21,5
83,14-01-2025,12:37,Trichy,Sandwich,1,115.26,3.9
84,04-04-2025,01:16,Trichy,Parotta,3,168.9,3.7
85,23-05-2025,13:16,Coimbatore,Pizza,4,88.14,4.1
86,25-04-2025,20:04,Chennai,Chicken 65,1,396.78,4.9
87,11-01-2025,19:09,Chennai,Dosa,2,278.9,3.2
88,27-08-2025,22:16,Tirunelveli,Fried Rice,2,334.47,4.9
89,28-02-2025,05:19,Tirunelveli,Pizza,5,90.78,3.6
90,12-07-2025,12:45,Chennai,Dosa,1,328.68,4.7
91,22-02-2025,22:49,Salem,Idli,5,418.32,4.6
92,22-01-2025,11:34,Madurai,Parotta,3,108.96,4.3
93,04-08-2025,15:06,Tirunelveli,Parotta,3,346.95,4.7
94,20-03-2025,13:11,Salem,Paneer Butter Masala,5,485.5,3.5
95,05-09-2025,14:27,Madurai,Paneer Butter Masala,5,192.73,4.7
96,23-05-2025,14:15,Madurai,Noodles,5,336.34,3.8
97,11-09-2025,10:11,Coimbatore,Noodles,2,229.03,3.5
98,02-11-2025,22:56,Madurai,Idli,5,84.26,4.9
99,04-05-2025,23:26,Tirunelveli,Noodles,5,398.43,4.4
100,31-12-2025,15:28,Chennai,Biryani,1,203.58,3.8
101,06-06-2025,21:37,Tirunelveli,Fried Rice,4,312.46,3.7
102,09-10-2025,10:22,Madurai,Paneer Butter Masala,4,193.78,3.5
103,09-04-2025,10:07,Chennai,Paneer Butter Masala,5,479.37,4.4
104,21-04-2025,23:30,Coimbatore,Idli,5,490.17,4
105,21-02-2025,06:18,Salem,Dosa,3,155.37,3
106,06-03-2025,08:02,Tirunelveli,Biryani,5,202.7,4.9
107,09-09-2025,03:55,Coimbatore,Biryani,5,199.42,4
108,05-04-2025,01:16,Madurai,Noodles,1,425.29,3.8
109,23-10-2025,20:43,Coimbatore,Biryani,2,142.66,4.1
110,13-02-2025,07:07,Chennai,Pasta,4,334.65,4.6
111,25-09-2025,12:28,Coimbatore,Noodles,3,441.27,5
112,19-10-2025,19:03,Chennai,Sandwich,1,477.99,3.4
113,16-05-2025,21:05,Madurai,Burger,2,153,3.2
114,29-07-2025,14:44,Tirunelveli,Sandwich,4,202.33,3.5
115,25-05-2025,22:55,Tirunelveli,Noodles,1,368.7,4.8
116,29-10-2025,21:51,Chennai,Dosa,4,128.21,3.4
117,17-05-2025,04:04,Salem,Biryani,2,412.9,4.2
118,28-05-2025,14:07,Salem,Noodles,3,373.89,4.9
119,04-10-2025,15:28,Coimbatore,Pizza,5,96.74,3.9
120,06-11-2025,08:01,Salem,Pizza,2,484,4.7
121,28-10-2025,00:48,Chennai,Chicken 65,3,322.02,4.5
122,29-08-2025,16:41,Tirunelveli,Noodles,3,156.23,4.2
123,09-09-2025,02:30,Chennai,Fried Rice,4,219.99,4.3
124,18-06-2025,13:44,Salem,Noodles,3,358.29,3.8
125,19-01-2025,14:05,Trichy,Fried Rice,3,215.77,4.9
126,21-09-2025,00:42,Coimbatore,Pasta,4,253.56,3.4
127,15-11-2025,15:40,Coimbatore,Noodles,1,165.49,4.1
128,13-08-2025,22:31,Chennai,Pizza,1,488.72,4.2
129,30-12-2025,05:19,Madurai,Pasta,1,311.95,3.2
130,25-08-2025,03:41,Tirunelveli,Burger,4,471.71,3.6
131,20-05-2025,13:53,Trichy,Noodles,4,182.37,4.1
132,08-04-2025,19:32,Trichy,Paneer Butter Masala,2,442.89,3.6
133,24-06-2025,16:17,Salem,Biryani,3,384.94,4.7
134,04-12-2025,15:55,Salem,Burger,4,306.2,3.7
135,06-10-2025,12:29,Trichy,Fried Rice,2,491.93,3.5
136,30-04-2025,13:02,Trichy,Fried Rice,4,376.2,4.6
137,06-12-2025,20:09,Coimbatore,Noodles,1,133.02,4.9
138,21-02-2025,14:06,Tirunelveli,Pasta,4,86.45,3.3
139,21-03-2025,02:30,Madurai,Idli,3,341.77,3.8
140,18-06-2025,21:54,Trichy,Pasta,4,480.74,4.3
141,05-10-2025,01:39,Chennai,Pizza,2,345.09,4.8
142,16-02-2025,13:06,Madurai,Chicken 65,1,266.34,4.4
143,24-01-2025,10:50,Chennai,Biryani,3,230.55,3.9
144,29-09-2025,13:36,Trichy,Chicken 65,2,151.39,3.2
145,14-11-2025,21:15,Coimbatore,Noodles,5,140.11,3.9
146,24-08-2025,08:42,Chennai,Biryani,4,458.51,4.4
147,07-02-2025,14:22,Coimbatore,Sandwich,3,348.35,3.8
148,22-08-2025,09:12,Coimbatore,Parotta,4,124.79,3.8
149,22-10-2025,09:44,Coimbatore,Idli,1,490.74,4.3
150,05-01-2025,18:55,Coimbatore,Chicken 65,1,462.46,4.5
151,28-04-2025,19:51,Tirunelveli,Fried Rice,2,347.38,4.2
152,04-12-2025,21:53,Coimbatore,Burger,1,459.43,4.3
153,14-08-2025,01:37,Tirunelveli,Fried Rice,2,117.86,3.6
154,01-08-2025,05:12,Salem,Burger,5,448.11,3.7
155,20-05-2025,05:16,Madurai,Noodles,3,393.55,3.7
156,28-08-2025,02:09,Coimbatore,Dosa,4,486.25,4.6
157,16-02-2025,12:00,Tirunelveli,Idli,5,131.91,3.7
158,11-12-2025,08:37,Madurai,Parotta,3,125.51,3.5
159,14-11-2025,17:20,Trichy,Sandwich,2,352.01,4.3
160,25-12-2025,09:41,Coimbatore,Parotta,1,138.71,4.9
161,10-09-2025,03:06,Tirunelveli,Dosa,5,136.98,3.9
162,23-12-2025,17:26,Trichy,Sandwich,2,451.87,4.3
163,12-11-2025,13:17,Chennai,Biryani,3,171.25,3.9
164,05-07-2025,03:43,Madurai,Fried Rice,5,458.71,4.3
165,23-07-2025,08:12,Tirunelveli,Pizza,4,118.5,3.4
166,02-11-2025,00:03,Chennai,Fried Rice,2,495.3,4.6
167,05-02-2025,17:13,Chennai,Sandwich,2,421.48,3.5
168,02-11-2025,00:17,Madurai,Burger,2,306.89,4.6
169,05-12-2025,00:08,Coimbatore,Biryani,3,411.79,3.5
170,09-01-2025,05:16,Tirunelveli,Biryani,2,391.52,4.1
171,02-02-2025,15:28,Chennai,Fried Rice,5,329.34,3.9
172,11-11-2025,01:46,Madurai,Chicken 65,5,206.68,4.3
173,01-02-2025,15:54,Trichy,Parotta,4,368.16,4
174,07-02-2025,02:20,Tirunelveli,Sandwich,2,107.59,3.6
175,27-10-2025,17:45,Trichy,Fried Rice,4,497.74,4.1
176,16-09-2025,19:27,Salem,Pizza,1,438.17,4.3
177,21-04-2025,13:28,Trichy,Dosa,4,222.35,3.9
178,18-02-2025,10:27,Trichy,Fried Rice,3,237.21,3.3
179,04-02-2025,02:53,Coimbatore,Pizza,1,261.39,4.5
180,08-03-2025,17:03,Trichy,Sandwich,5,315.91,4.3
181,01-07-2025,21:48,Coimbatore,Parotta,1,486.73,4.2
182,23-02-2025,18:32,Madurai,Dosa,2,355.83,3.4
183,29-06-2025,17:23,Salem,Pizza,3,321.12,4.6
184,15-11-2025,19:43,Tirunelveli,Chicken 65,5,91.03,4.9
185,17-05-2025,00:11,Chennai,Idli,3,467.05,3.7
186,15-03-2025,18:42,Madurai,Parotta,1,139.59,4.3
187,16-02-2025,23:33,Coimbatore,Dosa,4,256.33,3.7
188,09-06-2025,23:20,Chennai,Sandwich,5,115.68,3.1
189,13-11-2025,01:43,Salem,Pizza,3,266.11,3.8
190,15-08-2025,13:17,Coimbatore,Dosa,5,127.8,3.9
191,14-12-2025,21:37,Trichy,Noodles,5,360.2,3.1
192,03-11-2025,01:00,Coimbatore,Dosa,3,477.04,4.5
193,29-05-2025,10:07,Trichy,Biryani,4,393.75,3.4
194,30-09-2025,22:14,Madurai,Pasta,5,430.01,4.6
195,23-07-2025,23:02,Coimbatore,Parotta,1,273.1,3.2
196,22-10-2025,13:36,Coimbatore,Parotta,4,201.6,3.8
197,29-03-2025,19:29,Chennai,Paneer Butter Masala,3,117.01,4.7
198,12-08-2025,18:25,Coimbatore,Pasta,1,246.22,3.6
199,24-04-2025,10:49,Salem,Burger,1,294.4,3.2
200,10-04-2025,11:22,Chennai,Paneer Butter Masala,2,179.23,3.3
201,30-03-2025,19:09,Trichy,Chicken 65,1,154.4,4.5
202,26-08-2025,18:48,Tirunelveli,Sandwich,4,366.08,4.8
203,22-11-2025,19:20,Trichy,Chicken 65,3,143.4,3.1
204,20-11-2025,09:50,Coimbatore,Idli,5,103.59,4
205,25-08-2025,14:02,Madurai,Biryani,3,429.31,3.2
206,11-11-2025,19:32,Tirunelveli,Parotta,4,323.74,4.9
207,22-01-2025,14:58,Chennai,Sandwich,2,215.04,4
208,01-02-2025,14:06,Chennai,Fried Rice,1,291.91,3.3
209,29-12-2025,14:28,Coimbatore,Pasta,5,336.12,3.7
210,18-07-2025,13:49,Coimbatore,Fried Rice,5,101.99,4.3
211,03-02-2025,10:06,Tirunelveli,Pasta,4,199.34,4.4
212,05-11-2025,04:21,Coimbatore,Pizza,5,358.72,4.8
213,02-12-2025,22:42,Coimbatore,Parotta,2,329.92,4.9
214,14-10-2025,12:41,Tirunelveli,Fried Rice,2,361.45,4.7
215,17-12-2025,16:05,Coimbatore,Chicken 65,4,293.57,3
216,03-04-2025,06:21,Madurai,Noodles,2,175.15,3.3
217,01-06-2025,03:32,Salem,Pasta,5,95.85,3.7
218,09-03-2025,19:24,Salem,Burger,2,155.96,4.4
219,26-03-2025,23:28,Trichy,Biryani,4,233.01,4.4
220,09-11-2025,09:48,Trichy,Paneer Butter Masala,4,178.28,3.5
221,10-04-2025,11:43,Trichy,Sandwich,4,273.91,3.6
222,15-09-2025,16:26,Coimbatore,Burger,2,416.53,3.3
223,27-01-2025,20:30,Salem,Fried Rice,5,472.4,4.4
224,05-03-2025,09:05,Trichy,Burger,3,268.71,4
225,16-02-2025,07:52,Trichy,Noodles,3,470.8,3.8
226,15-09-2025,11:15,Madurai,Parotta,1,237.46,3.1
227,29-11-2025,10:50,Trichy,Burger,2,96.09,4.8
228,23-12-2025,04:48,Madurai,Paneer Butter Masala,4,268.41,3
229,10-01-2025,08:13,Trichy,Burger,5,474.89,4.2
230,26-02-2025,09:15,Salem,Idli,1,100.05,3.8
231,23-08-2025,02:07,Salem,Noodles,5,305.14,4.3
232,04-05-2025,22:09,Salem,Idli,4,80.66,3.7
233,02-08-2025,05:42,Salem,Chicken 65,1,299.86,3.7
234,06-10-2025,16:50,Madurai,Pasta,5,88.54,4.7
235,22-11-2025,12:23,Chennai,Idli,1,229.98,3.1
236,03-12-2025,20:06,Coimbatore,Sandwich,3,136.03,3.7
237,26-11-2025,05:53,Chennai,Chicken 65,4,491.94,4
238,11-03-2025,02:45,Chennai,Noodles,1,203.25,3.1
239,22-01-2025,10:59,Trichy,Idli,5,247.25,4.6
240,10-05-2025,01:48,Madurai,Chicken 65,2,200.17,4.7
241,02-12-2025,10:17,Trichy,Pizza,3,263.52,3.8
242,17-07-2025,10:11,Coimbatore,Noodles,4,234.29,4.6
243,12-02-2025,23:27,Salem,Pizza,4,333.03,4.6
244,31-05-2025,10:06,Salem,Pizza,3,357.59,3.6
245,07-08-2025,05:44,Coimbatore,Noodles,3,267.79,4.5
246,11-11-2025,13:17,Coimbatore,Chicken 65,1,111.52,4.3
247,20-09-2025,23:43,Trichy,Burger,1,139.97,4.2
248,18-01-2025,04:04,Madurai,Dosa,3,232.1,4.9
249,06-11-2025,04:43,Salem,Noodles,3,236.25,4.5
250,12-03-2025,16:23,Madurai,Parotta,3,352.82,3.5
251,14-01-2025,23:11,Coimbatore,Noodles,5,242.53,4.1
252,14-05-2025,22:28,Trichy,Dosa,5,199.94,4.8
253,13-04-2025,03:08,Madurai,Pizza,4,152.52,4.4
254,16-12-2025,10:42,Coimbatore,Fried Rice,1,311,3.6
255,22-03-2025,22:45,Madurai,Paneer Butter Masala,2,413.35,4
256,13-04-2025,04:15,Trichy,Noodles,1,231.58,4.1
257,10-10-2025,04:39,Tirunelveli,Pizza,1,209.9,5
258,03-09-2025,16:26,Tirunelveli,Parotta,5,110.98,4.9
259,07-02-2025,14:29,Salem,Chicken 65,5,224.7,4.8
260,24-11-2025,18:11,Madurai,Burger,4,291.2,4.7
261,23-09-2025,04:19,Coimbatore,Burger,2,215.52,4.4
262,23-09-2025,09:54,Coimbatore,Pizza,3,162.45,4.9
263,06-03-2025,20:19,Salem,Sandwich,5,119.24,4.3
264,25-10-2025,04:10,Salem,Chicken 65,5,382.67,4.2
265,22-01-2025,00:05,Salem,Biryani,5,191.16,3.4
266,02-08-2025,19:40,Tirunelveli,Biryani,4,453.38,4.1
267,04-06-2025,15:15,Madurai,Chicken 65,4,204.92,3.1
268,22-03-2025,14:26,Coimbatore,Noodles,4,165.69,4.2
269,13-06-2025,23:55,Salem,Fried Rice,4,134.92,3.7
270,24-02-2025,10:15,Madurai,Noodles,1,192.34,3.5
271,26-01-2025,09:24,Chennai,Sandwich,4,184.27,4.7
272,17-06-2025,18:46,Salem,Fried Rice,2,400.51,4
273,28-08-2025,15:56,Salem,Idli,4,89.73,4.9
274,23-08-2025,07:13,Salem,Sandwich,3,100.44,3.6
275,01-12-2025,21:30,Chennai,Idli,5,83.43,3.2
276,16-05-2025,23:23,Salem,Parotta,3,99,3.1
277,10-04-2025,11:35,Salem,Idli,1,242.27,3.9
278,24-05-2025,19:43,Coimbatore,Sandwich,1,134.04,3.2
279,23-06-2025,17:23,Madurai,Burger,2,333.03,3.8
280,24-01-2025,01:08,Chennai,Paneer Butter Masala,3,417.67,4
281,07-11-2025,16:08,Salem,Fried Rice,5,213.78,3.8
282,03-06-2025,18:21,Coimbatore,Pasta,5,303.58,4.4
283,01-09-2025,00:23,Tirunelveli,Fried Rice,1,491.56,4.2
284,19-12-2025,20:01,Salem,Sandwich,4,191.52,4.3
285,23-10-2025,07:46,Tirunelveli,Biryani,5,281.79,4
286,14-11-2025,12:09,Madurai,Chicken 65,2,93.26,4.9
287,08-04-2025,00:28,Trichy,Fried Rice,4,143.6,4.4
288,14-09-2025,19:58,Salem,Noodles,1,376.43,4
289,16-06-2025,21:30,Salem,Pasta,4,211.78,3.3
290,25-06-2025,17:22,Chennai,Chicken 65,3,336.23,3.4
291,23-05-2025,17:19,Tirunelveli,Dosa,3,403.89,4.4
292,27-12-2025,15:20,Tirunelveli,Noodles,3,315.4,4.9
293,21-05-2025,09:07,Coimbatore,Sandwich,5,239.47,5
294,16-03-2025,09:02,Coimbatore,Idli,1,225.47,3.9
295,03-09-2025,06:12,Chennai,Pasta,3,471.87,4.4
296,25-02-2025,19:47,Salem,Sandwich,2,181.83,4.3
297,26-04-2025,20:14,Madurai,Biryani,1,253.59,4.4
298,15-12-2025,04:00,Trichy,Pasta,2,250.9,4.9
299,02-09-2025,20:12,Madurai,Idli,3,199.87,3.1
300,30-11-2025,18:14,Chennai,Pasta,1,463.56,3.4
301,19-01-2025,12:50,Coimbatore,Noodles,2,473.38,4.9
302,20-01-2025,00:19,Coimbatore,Sandwich,5,125.07,5
303,21-08-2025,20:34,Salem,Pasta,4,453.49,3.3
304,28-08-2025,08:12,Coimbatore,Pizza,3,148.25,3.9
305,06-04-2025,00:47,Chennai,Fried Rice,3,318.47,4.5
306,09-11-2025,20:57,Tirunelveli,Parotta,4,296.42,3.2
307,18-02-2025,05:08,Trichy,Noodles,3,473.05,3
308,01-05-2025,14:48,Madurai,Idli,3,206.82,4.4
309,14-05-2025,20:23,Coimbatore,Paneer Butter Masala,2,106.09,3.2
310,23-03-2025,12:43,Coimbatore,Pasta,3,369.92,4.3
311,08-07-2025,19:14,Salem,Dosa,2,280.84,3.9
312,11-07-2025,13:44,Chennai,Pasta,4,398.09,4.6
313,07-05-2025,21:48,Coimbatore,Sandwich,1,300.71,4.1
314,09-02-2025,18:07,Salem,Biryani,5,459.21,3.4
315,18-03-2025,05:20,Salem,Pasta,4,128.82,3.4
316,08-09-2025,02:57,Salem,Pasta,4,419.65,3.9
317,01-08-2025,14:36,Tirunelveli,Biryani,5,274.2,4.6
318,12-01-2025,12:16,Coimbatore,Biryani,2,322.89,3.1
319,25-12-2025,02:34,Coimbatore,Biryani,1,494.18,3.9
320,29-07-2025,05:49,Trichy,Burger,4,237.27,4.8
321,13-07-2025,12:05,Madurai,Chicken 65,5,135.86,4.7
322,02-04-2025,17:25,Madurai,Pasta,2,385.7,3.4
323,12-01-2025,09:29,Chennai,Chicken 65,5,258.13,3.8
324,07-05-2025,14:22,Madurai,Burger,3,159.16,4.8
325,17-01-2025,21:26,Salem,Sandwich,1,181.08,3.1
326,18-01-2025,14:38,Trichy,Chicken 65,1,182.79,3.1
327,30-04-2025,17:13,Tirunelveli,Biryani,2,291.64,3.6
328,22-10-2025,10:36,Tirunelveli,Sandwich,3,179.5,4.8
329,24-09-2025,07:26,Tirunelveli,Idli,3,105.6,4.9
330,31-03-2025,20:43,Tirunelveli,Parotta,5,288.16,4.9
331,10-12-2025,12:50,Coimbatore,Pasta,3,372.45,3.8
332,12-07-2025,05:48,Tirunelveli,Pasta,4,181.21,3.5
333,15-03-2025,14:58,Salem,Biryani,5,253.32,3.8
334,10-03-2025,12:15,Trichy,Idli,2,218.71,3.2
335,09-07-2025,02:34,Salem,Paneer Butter Masala,2,101.65,3.8
336,05-11-2025,01:55,Tirunelveli,Pizza,2,417.95,4.2
337,14-10-2025,06:30,Chennai,Dosa,3,207.34,4.8
338,08-04-2025,23:07,Tirunelveli,Paneer Butter Masala,4,464.07,4.4
339,15-04-2025,12:58,Trichy,Dosa,5,215.08,3.6
340,01-10-2025,20:22,Trichy,Idli,3,231.05,4.8
341,20-02-2025,23:30,Salem,Fried Rice,2,235.7,3.8
342,24-04-2025,23:09,Tirunelveli,Biryani,3,312.39,4.2
343,02-08-2025,09:09,Chennai,Dosa,3,176.61,4.1
344,13-09-2025,17:41,Tirunelveli,Chicken 65,3,188.08,4.6
345,25-11-2025,23:31,Chennai,Noodles,2,387.76,3.7
346,07-10-2025,15:11,Madurai,Pasta,1,300.06,4.7
347,09-12-2025,01:48,Madurai,Biryani,4,137.75,4.3
348,29-12-2025,04:00,Tirunelveli,Dosa,5,271.52,3.1
349,08-12-2025,19:58,Trichy,Noodles,4,86.61,4.1
350,07-01-2025,00:33,Salem,Paneer Butter Masala,3,305.01,3.6
351,24-12-2025,21:27,Chennai,Burger,1,465.58,4
352,09-04-2025,19:33,Coimbatore,Idli,3,192.28,3.8
353,27-07-2025,14:36,Madurai,Dosa,2,205.99,4.7
354,01-12-2025,20:48,Trichy,Biryani,1,250.22,3.8
355,29-01-2025,20:00,Tirunelveli,Paneer Butter Masala,2,114.73,4.7
356,19-06-2025,18:54,Tirunelveli,Pizza,5,466.04,3.5
357,18-10-2025,15:17,Salem,Biryani,1,367.46,3.6
358,16-10-2025,21:02,Chennai,Burger,3,86.58,3.4
359,31-12-2025,12:59,Trichy,Pizza,3,148.23,3.5
360,13-12-2025,17:21,Madurai,Parotta,2,412.01,4.4
361,14-09-2025,23:22,Coimbatore,Biryani,1,263.58,4.7
362,06-11-2025,19:38,Trichy,Parotta,3,92.44,3.5
363,09-09-2025,07:22,Tirunelveli,Pasta,4,261.38,4.4
364,14-07-2025,02:49,Madurai,Sandwich,3,415.18,4.4
365,18-05-2025,04:24,Madurai,Paneer Butter Masala,2,390.66,3.6
366,16-02-2025,00:19,Madurai,Noodles,3,399.77,3.2
367,06-04-2025,13:28,Madurai,Pasta,5,295.23,3.2
368,01-07-2025,17:05,Madurai,Sandwich,5,409.46,4.7
369,30-05-2025,13:24,Salem,Pizza,5,460.19,5
370,24-09-2025,05:43,Trichy,Parotta,2,138.31,3.6
371,16-03-2025,02:10,Madurai,Parotta,3,256.86,4
372,04-07-2025,08:15,Madurai,Paneer Butter Masala,4,329.4,3.4
373,11-03-2025,09:00,Coimbatore,Parotta,3,433.48,3.8
374,14-08-2025,10:27,Tirunelveli,Chicken 65,5,137.17,3.6
375,13-04-2025,15:20,Tirunelveli,Burger,4,486.86,3.6
376,21-11-2025,15:36,Trichy,Dosa,3,237.94,4.6
377,06-07-2025,03:59,Tirunelveli,Sandwich,2,328.74,4.1
378,09-10-2025,00:46,Tirunelveli,Noodles,2,264.15,3.6
379,05-02-2025,13:43,Tirunelveli,Noodles,2,346,3.5
380,20-03-2025,22:27,Salem,Parotta,1,268.61,4.2
381,25-07-2025,17:32,Coimbatore,Paneer Butter Masala,4,308.33,4.6
382,26-12-2025,17:38,Tirunelveli,Chicken 65,1,125.94,3.5
383,01-07-2025,05:41,Tirunelveli,Sandwich,1,316.55,4.3
384,24-07-2025,10:50,Salem,Parotta,1,84.43,3.5
385,23-09-2025,17:37,Trichy,Paneer Butter Masala,5,172.83,3.7
386,14-12-2025,18:44,Madurai,Pasta,2,224.89,3
387,01-06-2025,13:58,Coimbatore,Pizza,1,429.15,4.5
388,09-06-2025,10:29,Trichy,Dosa,5,282.83,4
389,23-12-2025,14:20,Madurai,Pizza,3,98.77,4.4
390,25-06-2025,20:06,Salem,Chicken 65,2,470.57,4.5
391,31-03-2025,17:10,Trichy,Fried Rice,5,259.08,3.9
392,19-11-2025,05:11,Chennai,Chicken 65,4,246.14,4.5
393,19-08-2025,18:27,Tirunelveli,Parotta,1,375.99,3.4
394,02-02-2025,18:06,Madurai,Pasta,2,233.63,3.4
395,15-05-2025,21:55,Trichy,Noodles,5,485.68,3.6
396,09-11-2025,12:37,Chennai,Pizza,3,227.83,3.9
397,11-12-2025,22:51,Coimbatore,Idli,5,327.87,4.3
398,02-03-2025,07:19,Trichy,Pizza,2,236.79,3.3
399,03-08-2025,19:08,Salem,Sandwich,4,257.68,4
400,22-12-2025,20:59,Chennai,Burger,5,150.08,3.6
401,11-06-2025,14:39,Chennai,Biryani,3,479.77,4
402,16-07-2025,17:32,Tirunelveli,Chicken 65,4,251.84,4
403,16-08-2025,15:10,Coimbatore,Pizza,5,92.96,4.5
404,17-01-2025,08:14,Tirunelveli,Pasta,3,150.65,3.9
405,11-09-2025,17:32,Coimbatore,Pizza,5,127.97,4.6
406,05-10-2025,01:48,Madurai,Paneer Butter Masala,4,309.47,5
407,01-12-2025,07:19,Madurai,Biryani,4,190.38,4.7
408,13-08-2025,03:49,Coimbatore,Dosa,2,420.5,4.2
409,30-12-2025,19:40,Chennai,Parotta,2,338.78,4.6
410,31-01-2025,18:22,Tirunelveli,Pasta,3,330.68,3.3
411,30-05-2025,09:36,Madurai,Idli,5,493.91,4.4
412,11-03-2025,13:58,Chennai,Biryani,3,444.16,3.3
413,08-05-2025,04:45,Trichy,Fried Rice,2,399.82,4.4
414,14-03-2025,18:40,Madurai,Idli,4,237.57,3.2
415,26-07-2025,16:47,Salem,Idli,3,270.97,4
416,02-01-2025,23:05,Madurai,Paneer Butter Masala,4,346.63,4.4
417,01-10-2025,12:13,Coimbatore,Parotta,2,287.78,3.6
418,22-06-2025,17:36,Tirunelveli,Burger,5,438.02,4.6
419,25-01-2025,01:06,Chennai,Chicken 65,4,86.84,4.9
420,14-08-2025,14:00,Tirunelveli,Parotta,2,498.19,4.8
421,04-06-2025,05:55,Coimbatore,Idli,1,354.93,3.5
422,07-12-2025,20:10,Chennai,Biryani,4,342.75,4.5
423,08-08-2025,20:05,Chennai,Paneer Butter Masala,1,80.46,4
424,31-10-2025,07:33,Madurai,Chicken 65,4,83.9,4.4
425,05-08-2025,22:08,Madurai,Noodles,1,176.16,3.2
426,22-02-2025,10:23,Chennai,Idli,2,240.74,4.6
427,25-11-2025,21:09,Chennai,Pizza,5,316.58,4.2
428,14-08-2025,11:46,Trichy,Dosa,2,466.36,4.2
429,22-04-2025,02:57,Trichy,Pizza,2,396.03,4.2
430,29-06-2025,13:20,Salem,Burger,2,196.33,3.2
431,04-11-2025,19:46,Tirunelveli,Sandwich,3,407.17,4.4
432,04-06-2025,06:33,Tirunelveli,Sandwich,5,159.23,3.8
433,28-01-2025,07:31,Madurai,Parotta,1,181.25,4.3
434,28-09-2025,00:23,Trichy,Fried Rice,2,242.47,4.7
435,07-07-2025,17:43,Madurai,Burger,4,480.87,4.5
436,28-10-2025,02:00,Trichy,Idli,2,96.73,3.1
437,17-09-2025,09:40,Trichy,Paneer Butter Masala,5,402.19,3.8
438,12-02-2025,20:34,Madurai,Pasta,5,144.13,3.2
439,19-09-2025,06:51,Tirunelveli,Burger,5,217.24,4.2
440,15-12-2025,20:04,Madurai,Idli,4,386.58,4.7
441,06-05-2025,02:59,Coimbatore,Parotta,1,270.42,4.2
442,08-12-2025,23:42,Tirunelveli,Paneer Butter Masala,2,130.17,4.4
443,06-01-2025,05:31,Coimbatore,Fried Rice,5,297.23,4.6
444,27-03-2025,11:08,Madurai,Paneer Butter Masala,3,387.83,3.2
445,21-06-2025,13:17,Tirunelveli,Pasta,1,190.44,5
446,09-02-2025,15:29,Chennai,Pasta,3,103.28,4.7
447,08-07-2025,05:16,Tirunelveli,Pizza,5,363.13,3.2
448,18-09-2025,00:02,Chennai,Biryani,2,99.31,3.7
449,02-04-2025,01:35,Tirunelveli,Paneer Butter Masala,4,174.3,3.5
450,13-06-2025,08:52,Madurai,Pizza,5,236.58,4
451,02-04-2025,07:51,Trichy,Pasta,1,480.71,3.1
452,25-05-2025,09:20,Coimbatore,Pizza,5,271.83,3.7
453,16-10-2025,09:47,Trichy,Sandwich,2,274.85,4.2
454,11-04-2025,23:57,Madurai,Pasta,2,143.24,4.9
455,30-04-2025,17:22,Tirunelveli,Chicken 65,1,479.42,3
456,12-07-2025,23:46,Trichy,Idli,1,166.18,5
457,09-09-2025,01:09,Salem,Paneer Butter Masala,3,119.07,4.8
458,31-07-2025,22:57,Madurai,Fried Rice,4,489.31,3.2
459,16-09-2025,04:40,Tirunelveli,Parotta,1,328.6,3.1
460,08-03-2025,07:18,Tirunelveli,Idli,3,468.94,3.8
461,17-06-2025,10:28,Salem,Idli,2,111.37,3.4
462,25-02-2025,04:06,Salem,Burger,4,275.74,3.8
463,03-07-2025,06:28,Chennai,Idli,4,191.3,3.2
464,18-12-2025,09:52,Coimbatore,Paneer Butter Masala,5,96.94,4.7
465,17-03-2025,02:45,Coimbatore,Dosa,3,246.42,3.1
466,14-05-2025,05:01,Madurai,Parotta,4,313.5,4.1
467,25-08-2025,03:51,Chennai,Burger,1,85.02,4.7
468,08-03-2025,06:52,Madurai,Parotta,3,368.24,4.9
469,26-10-2025,18:16,Tirunelveli,Pizza,1,498.81,3.4
470,16-08-2025,04:05,Chennai,Fried Rice,1,97.93,3.9
471,21-10-2025,13:52,Trichy,Paneer Butter Masala,4,288.37,3.8
472,30-03-2025,11:13,Madurai,Burger,3,197.54,4.8
473,11-11-2025,19:39,Trichy,Dosa,3,289.53,4.8
474,01-02-2025,02:17,Salem,Parotta,2,256.08,4.3
475,08-05-2025,20:51,Coimbatore,Pasta,1,495.55,4.6
476,03-09-2025,17:50,Trichy,Noodles,3,463.32,4
477,19-05-2025,05:01,Coimbatore,Fried Rice,5,171.99,4.8
478,30-01-2025,15:33,Madurai,Fried Rice,5,499.83,4.9
479,07-05-2025,21:15,Madurai,Idli,5,422.84,4.8
480,23-04-2025,18:54,Chennai,Parotta,3,472.79,5
481,01-04-2025,07:37,Tirunelveli,Fried Rice,3,463.87,3.1
482,30-06-2025,18:36,Trichy,Burger,5,478.31,4.7
483,05-10-2025,09:11,Chennai,Noodles,1,117.91,3.5
484,11-01-2025,16:30,Chennai,Biryani,3,465.52,3.4
485,24-06-2025,22:11,Chennai,Fried Rice,1,89.2,4.2
486,26-02-2025,16:55,Trichy,Fried Rice,1,236.91,4.9
487,28-10-2025,03:21,Trichy,Idli,3,137.31,3.3
488,24-11-2025,15:41,Salem,Fried Rice,2,377.02,4.1
489,02-07-2025,07:42,Coimbatore,Sandwich,2,238.92,4.5
490,07-03-2025,05:46,Salem,Biryani,5,244.47,5
491,17-01-2025,05:38,Trichy,Fried Rice,5,172.78,4.1
492,14-03-2025,10:47,Tirunelveli,Pizza,2,225.66,3.6
493,15-02-2025,22:42,Chennai,Chicken 65,3,267.58,3.5
494,21-12-2025,02:22,Trichy,Idli,1,382.57,3.1
495,03-08-2025,05:56,Trichy,Parotta,4,450.34,3.7
496,21-02-2025,15:50,Madurai,Sandwich,2,148.32,3.1
497,31-05-2025,00:20,Trichy,Idli,1,111.16,3.3
498,24-03-2025,23:04,Trichy,Pasta,1,221.94,5
499,27-12-2025,00:27,Madurai,Chicken 65,2,335.07,3.9
500,21-02-2025,10:13,Tirunelveli,Dosa,4,372.82,4.4
501,04-10-2025,08:42,Salem,Idli,3,179.77,3.1
502,09-10-2025,15:09,Tirunelveli,Biryani,3,81.6,3.2
503,17-11-2025,19:30,Coimbatore,Dosa,1,90.81,3.3
504,11-02-2025,15:54,Tirunelveli,Pizza,3,409.65,3.9
505,16-05-2025,02:41,Coimbatore,Pasta,4,157.65,4.8
506,06-04-2025,14:02,Coimbatore,Idli,4,275.32,3.5
507,16-10-2025,01:09,Salem,Paneer Butter Masala,1,116,3.7
508,31-07-2025,18:14,Trichy,Pasta,1,433.13,4.6
509,02-10-2025,21:55,Madurai,Noodles,5,450.29,4
510,22-07-2025,22:02,Tirunelveli,Pasta,5,458.19,4.6
511,14-11-2025,04:07,Chennai,Noodles,2,478.61,3.3
512,09-04-2025,04:02,Tirunelveli,Parotta,1,495.08,3.9
513,17-03-2025,19:16,Salem,Fried Rice,1,116.55,4.1
514,16-06-2025,08:33,Salem,Noodles,1,410.35,4.2
515,03-08-2025,03:26,Madurai,Burger,2,317.97,4.2
516,24-02-2025,18:49,Trichy,Pizza,3,444.34,4.8
517,16-05-2025,12:41,Coimbatore,Noodles,5,335.76,3.1
518,26-07-2025,04:39,Coimbatore,Sandwich,4,96.29,4.8
519,20-12-2025,07:03,Madurai,Paneer Butter Masala,4,466.75,4.8
520,22-06-2025,09:19,Chennai,Idli,4,440.46,4.4
521,10-03-2025,09:47,Tirunelveli,Noodles,3,193.16,3.8
522,15-02-2025,06:28,Coimbatore,Dosa,4,391.2,4.5
523,29-01-2025,16:50,Chennai,Burger,1,210.67,4
524,26-09-2025,18:01,Madurai,Burger,2,447.58,3.4
525,08-05-2025,01:29,Trichy,Biryani,3,375.95,3.5
526,16-09-2025,12:40,Trichy,Pizza,1,181.61,4
527,01-04-2025,15:37,Coimbatore,Pasta,3,224.58,4.7
528,19-12-2025,02:18,Chennai,Biryani,4,100.85,4.7
529,24-04-2025,20:14,Madurai,Chicken 65,2,193.02,3.8
530,16-12-2025,00:30,Coimbatore,Burger,2,332.48,3
531,08-11-2025,09:45,Coimbatore,Paneer Butter Masala,3,258,3.8
532,24-08-2025,08:13,Trichy,Noodles,3,364.42,4.6
533,27-10-2025,03:00,Coimbatore,Pasta,3,315.81,4.2
534,02-06-2025,21:06,Coimbatore,Noodles,1,221.24,3.6
535,22-05-2025,08:41,Chennai,Paneer Butter Masala,3,159.11,4
536,30-01-2025,19:25,Tirunelveli,Chicken 65,3,365.92,4.4
537,12-09-2025,09:16,Tirunelveli,Parotta,4,243.08,3.1
538,20-10-2025,06:21,Trichy,Paneer Butter Masala,2,368.25,4.3
539,10-12-2025,11:32,Chennai,Idli,2,433.07,4.8
540,31-05-2025,03:30,Chennai,Burger,3,384.58,4.1
541,15-12-2025,10:41,Coimbatore,Pizza,2,229.22,4.5
542,04-08-2025,10:23,Trichy,Idli,5,203.5,4.7
543,28-01-2025,20:37,Salem,Sandwich,5,109.91,4.8
544,03-03-2025,21:24,Chennai,Pasta,3,253.51,4.7
545,12-03-2025,06:21,Chennai,Parotta,5,454.99,5
546,11-06-2025,22:11,Coimbatore,Pizza,4,219.7,5
547,21-11-2025,01:00,Salem,Noodles,3,167.94,4.5
548,23-03-2025,15:50,Trichy,Pizza,2,338.08,4.3
549,08-08-2025,15:24,Madurai,Biryani,1,304.19,4.5
550,14-06-2025,16:12,Tirunelveli,Biryani,1,343.21,3.5
551,26-06-2025,09:08,Madurai,Pizza,4,291.4,3.6
552,24-01-2025,09:18,Tirunelveli,Noodles,5,330.48,3.7
553,10-03-2025,10:57,Trichy,Noodles,3,395.05,3.3
554,10-01-2025,07:14,Salem,Paneer Butter Masala,2,168.7,3
555,28-03-2025,03:23,Salem,Paneer Butter Masala,1,237.58,4.3
556,16-11-2025,01:38,Tirunelveli,Biryani,1,354.5,3
557,01-03-2025,13:28,Chennai,Parotta,1,309.86,3.9
558,16-04-2025,22:43,Tirunelveli,Chicken 65,1,206.47,4.3
559,24-09-2025,08:39,Salem,Sandwich,2,255.91,4.8
560,13-11-2025,03:18,Coimbatore,Pizza,1,289.05,4.2
561,25-09-2025,06:22,Trichy,Paneer Butter Masala,4,204.05,3.1
562,17-04-2025,22:59,Madurai,Noodles,3,178.49,3
563,26-02-2025,18:42,Madurai,Noodles,2,478.77,4.6
564,21-02-2025,08:41,Trichy,Dosa,4,495.24,3.6
565,26-01-2025,03:52,Tirunelveli,Burger,1,437.94,3.7
566,10-06-2025,13:47,Madurai,Pizza,1,437.52,4.8
567,12-03-2025,21:41,Salem,Burger,3,230.16,3.9
568,18-05-2025,23:05,Trichy,Fried Rice,3,156.81,3.8
569,20-05-2025,12:44,Madurai,Noodles,4,352.52,4.6
570,09-03-2025,22:46,Trichy,Biryani,2,123.56,4.8
571,19-10-2025,21:28,Madurai,Burger,5,239.5,3.7
572,17-12-2025,23:57,Trichy,Burger,4,466.57,3.2
573,14-08-2025,01:04,Salem,Idli,3,85.19,4.7
574,23-10-2025,23:36,Salem,Dosa,3,298.02,4.4
575,18-02-2025,13:42,Tirunelveli,Paneer Butter Masala,2,282.41,4.3
576,17-07-2025,04:53,Chennai,Pasta,5,102.92,4.3
577,16-09-2025,15:54,Chennai,Noodles,2,111.44,4
578,19-06-2025,08:03,Chennai,Pasta,2,311.21,3.8
579,10-02-2025,14:28,Coimbatore,Sandwich,4,116.97,4
580,02-03-2025,15:47,Salem,Chicken 65,1,123.11,3.8
581,09-10-2025,00:52,Salem,Pizza,5,484.53,4.3
582,15-10-2025,06:41,Madurai,Chicken 65,4,479.15,3.7
583,25-04-2025,14:21,Coimbatore,Pasta,5,331.98,4.4
584,20-08-2025,03:06,Tirunelveli,Chicken 65,2,80.92,3.7
585,30-05-2025,17:33,Chennai,Fried Rice,1,99.23,3.3
586,29-07-2025,03:16,Trichy,Sandwich,2,158.77,4.9
587,21-04-2025,14:52,Tirunelveli,Dosa,3,125.26,3.8
588,11-12-2025,18:07,Chennai,Noodles,4,356.55,4.9
589,13-09-2025,00:33,Salem,Paneer Butter Masala,1,312.36,3.9
590,05-09-2025,16:49,Madurai,Burger,5,152.93,4.6
591,18-07-2025,21:38,Salem,Sandwich,3,291.73,3.8
592,21-12-2025,07:17,Chennai,Parotta,3,487.61,3.9
593,12-03-2025,13:38,Coimbatore,Paneer Butter Masala,5,205.54,4.4
594,31-12-2025,23:59,Coimbatore,Pasta,2,164.37,4.2
595,18-12-2025,11:58,Chennai,Chicken 65,2,492.16,4.3
596,15-09-2025,17:44,Salem,Chicken 65,3,378.35,4.5
597,03-09-2025,18:36,Salem,Chicken 65,4,363.18,4.8
598,27-05-2025,13:51,Madurai,Biryani,5,124.72,3.8
599,10-12-2025,01:12,Chennai,Idli,2,493.08,4.4
600,01-02-2025,22:50,Trichy,Idli,2,396.51,3.1
601,22-02-2025,19:55,Salem,Chicken 65,5,443.23,4.5
602,19-07-2025,07:32,Trichy,Paneer Butter Masala,3,371.03,3.1
603,18-07-2025,13:50,Tirunelveli,Chicken 65,3,485.65,3.1
604,09-05-2025,06:39,Tirunelveli,Noodles,2,462.82,4.4
605,08-07-2025,18:34,Chennai,Paneer Butter Masala,5,162.52,4.4
606,31-05-2025,14:11,Salem,Chicken 65,1,158.53,3.3
607,03-03-2025,12:02,Salem,Parotta,3,313.77,3.3
608,11-05-2025,00:21,Salem,Noodles,2,96.78,4.9
609,27-01-2025,20:39,Coimbatore,Chicken 65,3,286.03,4.1
610,07-02-2025,22:20,Salem,Pasta,2,481.93,4
611,23-03-2025,13:34,Chennai,Pasta,4,118.62,3.4
612,06-12-2025,10:21,Salem,Fried Rice,3,171.75,4.5
613,01-09-2025,17:52,Chennai,Chicken 65,1,128.18,3.7
614,25-11-2025,19:58,Coimbatore,Sandwich,2,482.74,4.4
615,15-07-2025,03:24,Salem,Idli,5,384.07,3
616,11-07-2025,16:51,Tirunelveli,Pasta,4,284.46,3.6
617,09-04-2025,10:32,Salem,Pizza,1,150.31,4.9
618,01-10-2025,00:40,Tirunelveli,Pizza,2,361.54,4.5
619,06-08-2025,03:13,Tirunelveli,Pasta,4,351.56,4.9
620,18-12-2025,04:01,Chennai,Noodles,3,95.91,3.1
621,09-05-2025,17:04,Trichy,Sandwich,2,462.61,3.8
622,19-11-2025,12:27,Madurai,Fried Rice,1,243.59,3.2
623,25-11-2025,23:39,Coimbatore,Pizza,5,99.12,4.7
624,15-09-2025,03:18,Trichy,Chicken 65,3,334.76,3.6
625,15-07-2025,12:52,Chennai,Chicken 65,1,279.07,4.1
626,20-07-2025,17:18,Tirunelveli,Chicken 65,2,205.18,4.8
627,28-11-2025,11:00,Salem,Pasta,5,139.38,3.1
628,02-11-2025,12:34,Tirunelveli,Pasta,1,207.97,4.5
629,26-06-2025,06:26,Salem,Chicken 65,5,139.83,3.4
630,10-05-2025,06:07,Salem,Burger,5,437.95,4.7
631,25-08-2025,20:35,Chennai,Pizza,3,362.11,3.5
632,25-10-2025,15:21,Coimbatore,Fried Rice,2,361.94,3.5
633,14-11-2025,02:57,Tirunelveli,Dosa,3,284.06,3.7
634,06-06-2025,22:37,Trichy,Burger,5,318.08,4.6
635,28-03-2025,00:20,Coimbatore,Dosa,2,379.12,4.3
636,04-07-2025,04:43,Coimbatore,Paneer Butter Masala,3,448.71,3.9
637,06-06-2025,15:35,Coimbatore,Pizza,2,351.13,3.2
638,13-03-2025,17:12,Salem,Idli,1,385.52,4.8
639,20-11-2025,00:52,Madurai,Sandwich,5,250.16,4.2
640,10-10-2025,08:34,Trichy,Pasta,4,354.64,3.3
641,25-04-2025,18:46,Trichy,Idli,2,275.17,4
642,06-07-2025,16:00,Salem,Chicken 65,2,436.15,4.6
643,17-12-2025,05:48,Salem,Pasta,2,267.41,3.4
644,04-12-2025,04:47,Trichy,Paneer Butter Masala,4,474.45,3.1
645,29-04-2025,02:16,Coimbatore,Fried Rice,2,97.98,3.4
646,18-07-2025,15:58,Madurai,Noodles,1,96.76,4.3
647,27-12-2025,16:40,Trichy,Idli,3,323.03,4.1
648,01-12-2025,12:23,Chennai,Sandwich,1,297,3.8
649,22-09-2025,12:22,Madurai,Fried Rice,4,412.92,4.8
650,14-09-2025,04:28,Chennai,Burger,2,112.38,4.3
651,18-03-2025,05:10,Chennai,Fried Rice,5,381.27,3.2
652,01-08-2025,10:46,Salem,Pizza,4,363.6,4
653,24-03-2025,20:53,Salem,Parotta,1,182.34,3.3
654,24-03-2025,04:40,Chennai,Pasta,1,454.14,3.3
655,13-05-2025,05:33,Tirunelveli,Parotta,5,487.08,4.3
656,05-12-2025,09:05,Trichy,Dosa,4,334.74,3.9
657,29-03-2025,07:53,Chennai,Parotta,5,139.94,4.2
658,16-11-2025,21:32,Trichy,Idli,2,384.16,3.7
659,02-11-2025,18:04,Chennai,Dosa,4,241.89,3.2
660,25-09-2025,16:43,Salem,Parotta,2,334.31,3.4
661,04-11-2025,01:56,Tirunelveli,Pasta,5,396,3.2
662,08-03-2025,19:34,Madurai,Biryani,4,299.26,3.7
663,24-12-2025,16:27,Salem,Dosa,4,411.61,3.8
664,23-12-2025,18:06,Madurai,Parotta,2,186.9,4.5
665,26-05-2025,19:56,Tirunelveli,Pasta,4,188.28,3
666,04-01-2025,18:33,Tirunelveli,Pizza,5,83.02,4.3
667,11-06-2025,13:23,Coimbatore,Pizza,2,258.95,4.2
668,02-10-2025,13:36,Chennai,Fried Rice,5,195.74,4.4
669,31-07-2025,17:50,Trichy,Pasta,4,155.06,4.1
670,10-05-2025,09:36,Tirunelveli,Fried Rice,4,389.03,4.7
671,02-03-2025,23:14,Coimbatore,Noodles,2,122.12,4
672,09-10-2025,19:44,Madurai,Chicken 65,1,147.51,4.9
673,16-02-2025,04:30,Coimbatore,Sandwich,4,117.02,3.5
674,10-02-2025,19:02,Tirunelveli,Paneer Butter Masala,4,470.89,3.8
675,24-09-2025,09:45,Tirunelveli,Sandwich,1,477.2,4.6
676,11-09-2025,14:00,Salem,Dosa,5,200.12,3.1
677,19-09-2025,16:44,Chennai,Dosa,5,151.18,3.1
678,02-12-2025,00:10,Trichy,Pizza,3,407.46,3.7
679,27-07-2025,18:12,Madurai,Pasta,1,389.51,3.1
680,09-10-2025,09:46,Coimbatore,Pasta,5,226.2,4.9
681,26-04-2025,19:12,Trichy,Noodles,4,321.46,3.5
682,17-09-2025,03:35,Salem,Pizza,5,203.59,4.9
683,12-05-2025,17:52,Salem,Sandwich,3,371.56,4.9
684,05-09-2025,07:48,Madurai,Fried Rice,4,366.27,4.8
685,04-09-2025,03:16,Tirunelveli,Pizza,4,346.14,5
686,26-12-2025,07:51,Madurai,Fried Rice,4,481.29,4
687,25-12-2025,08:15,Coimbatore,Idli,1,247.55,4.5
688,08-02-2025,17:59,Salem,Burger,4,211.83,3.4
689,18-05-2025,05:47,Tirunelveli,Chicken 65,2,289.58,3.4
690,04-05-2025,08:13,Coimbatore,Dosa,2,430.68,4.7
691,21-03-2025,03:07,Salem,Pizza,4,337.81,4.5
692,22-01-2025,15:23,Salem,Sandwich,3,286.78,5
693,21-05-2025,15:11,Chennai,Pasta,3,247.11,4.5
694,28-01-2025,16:51,Coimbatore,Parotta,4,474.65,3.1
695,21-07-2025,21:49,Trichy,Burger,4,490.13,4.4
696,11-06-2025,22:00,Coimbatore,Biryani,2,239.36,3.2
697,10-11-2025,08:11,Salem,Pasta,3,179.6,3.9
698,25-06-2025,11:11,Coimbatore,Noodles,4,168.42,4.4
699,06-07-2025,12:17,Tirunelveli,Noodles,2,319.99,5
700,28-04-2025,03:46,Chennai,Idli,2,313.24,4.7
701,16-03-2025,23:09,Tirunelveli,Noodles,1,154.18,4
702,22-09-2025,17:46,Salem,Fried Rice,4,206.01,4.1
703,25-01-2025,12:06,Trichy,Paneer Butter Masala,2,105.22,4.6
704,19-11-2025,03:28,Salem,Paneer Butter Masala,3,189.1,3.7
705,12-05-2025,11:01,Salem,Parotta,1,227.46,4.4
706,12-04-2025,18:36,Coimbatore,Chicken 65,5,153.31,4.6
707,16-06-2025,21:32,Coimbatore,Noodles,4,453.65,3.8
708,26-08-2025,20:09,Trichy,Burger,3,257.16,4.2
709,06-02-2025,02:10,Tirunelveli,Fried Rice,2,211.66,4.3
710,17-05-2025,19:41,Coimbatore,Parotta,3,452.83,4.6
711,28-10-2025,16:28,Tirunelveli,Parotta,2,157.23,3
712,01-05-2025,21:16,Madurai,Paneer Butter Masala,1,168.44,3.8
713,02-02-2025,15:35,Madurai,Biryani,1,403.79,4
714,23-02-2025,08:39,Coimbatore,Burger,1,355.03,4.8
715,28-04-2025,07:47,Chennai,Idli,4,343.12,3.3
716,15-01-2025,01:42,Salem,Fried Rice,3,442.98,3.9
717,20-05-2025,17:28,Tirunelveli,Burger,5,154.36,4.2
718,22-11-2025,18:27,Salem,Pasta,5,210.06,3.7
719,27-04-2025,02:28,Madurai,Idli,3,253.13,3.3
720,01-01-2025,16:52,Tirunelveli,Burger,3,200.44,4.1
721,09-09-2025,15:19,Madurai,Biryani,4,415.15,4.2
722,08-10-2025,11:12,Tirunelveli,Parotta,5,263.58,3.5
723,27-11-2025,12:53,Chennai,Parotta,2,190.45,3.8
724,22-09-2025,19:51,Coimbatore,Paneer Butter Masala,3,199.56,4.5
725,31-07-2025,06:54,Trichy,Pizza,2,137.38,3.2
726,13-11-2025,14:17,Chennai,Paneer Butter Masala,5,286.64,3.6
727,26-01-2025,17:01,Trichy,Burger,1,198.49,3.3
728,05-01-2025,07:05,Coimbatore,Burger,1,287.3,3.7
729,13-09-2025,11:29,Chennai,Paneer Butter Masala,1,218.7,4.7
730,29-01-2025,08:49,Coimbatore,Parotta,1,308.14,3.4
731,15-07-2025,00:07,Chennai,Paneer Butter Masala,2,241.62,4.9
732,18-01-2025,06:29,Trichy,Paneer Butter Masala,1,298.88,5
733,19-07-2025,21:19,Salem,Fried Rice,2,344.25,3.1
734,24-09-2025,03:16,Tirunelveli,Noodles,3,163.46,4.8
735,22-04-2025,03:15,Coimbatore,Chicken 65,4,216.3,3.3
736,27-10-2025,03:25,Tirunelveli,Dosa,1,486.91,4.2
737,01-09-2025,22:38,Trichy,Burger,3,403.73,3.5
738,16-02-2025,21:39,Tirunelveli,Fried Rice,1,105.11,4.3
739,02-10-2025,03:08,Tirunelveli,Noodles,2,213.03,4.1
740,27-06-2025,14:46,Chennai,Dosa,1,369.48,3.7
741,09-05-2025,01:31,Trichy,Paneer Butter Masala,4,314.79,4.1
742,08-04-2025,18:11,Salem,Pasta,3,215.95,3.9
743,11-10-2025,05:04,Salem,Pasta,2,268.74,4.6
744,07-07-2025,14:00,Madurai,Chicken 65,5,239.2,3.4
745,14-11-2025,11:49,Salem,Sandwich,2,214.69,3.1
746,18-07-2025,06:33,Coimbatore,Chicken 65,4,401.61,3.3
747,15-06-2025,13:41,Madurai,Fried Rice,1,120.43,4.3
748,08-03-2025,05:55,Madurai,Biryani,2,124.96,3.4
749,20-10-2025,20:53,Coimbatore,Parotta,4,300.84,4.4
750,26-01-2025,11:14,Tirunelveli,Sandwich,1,85.5,4.8
751,09-09-2025,02:29,Trichy,Chicken 65,1,231.59,4.5
752,08-07-2025,22:03,Coimbatore,Sandwich,3,302.19,4.5
753,09-02-2025,06:33,Chennai,Pizza,1,384.57,4.1
754,09-04-2025,16:42,Tirunelveli,Dosa,5,342.64,3.4
755,13-10-2025,13:47,Tirunelveli,Pizza,5,230.34,3.9
756,07-08-2025,03:10,Chennai,Burger,5,248.65,3.7
757,01-10-2025,19:28,Coimbatore,Fried Rice,3,311.03,5
758,31-07-2025,20:27,Chennai,Paneer Butter Masala,3,335.53,4.1
759,12-07-2025,17:59,Trichy,Paneer Butter Masala,3,231.2,3.9
760,01-01-2025,23:02,Coimbatore,Idli,5,86.85,3.3
761,04-01-2025,09:14,Tirunelveli,Dosa,3,89.11,4.6
762,22-05-2025,17:32,Madurai,Pasta,5,468.89,3.3
763,24-08-2025,11:09,Chennai,Burger,3,234.17,4.2
764,12-05-2025,09:05,Madurai,Sandwich,4,319.01,3.4
765,16-06-2025,15:11,Tirunelveli,Noodles,5,424.2,3.2
766,03-06-2025,01:46,Coimbatore,Sandwich,4,112.96,3.1
767,28-06-2025,13:26,Madurai,Pizza,2,394.03,4.7
768,21-11-2025,20:24,Salem,Biryani,3,300.24,3.6
769,18-03-2025,10:32,Trichy,Paneer Butter Masala,2,144.34,4.3
770,17-08-2025,19:36,Trichy,Pasta,1,173.28,3.6
771,17-03-2025,04:21,Trichy,Pizza,4,320.01,3.1
772,15-05-2025,02:25,Chennai,Pasta,4,405.01,3.3
773,04-09-2025,17:12,Salem,Noodles,4,353.94,3.4
774,26-09-2025,07:15,Salem,Pizza,3,406.24,3.6
775,15-02-2025,03:42,Coimbatore,Parotta,4,233.41,3.4
776,01-11-2025,20:01,Trichy,Idli,2,494.81,4.2
777,16-11-2025,04:28,Tirunelveli,Biryani,2,163.87,3.7
778,13-02-2025,03:47,Coimbatore,Biryani,2,478.56,4.9
779,08-01-2025,10:44,Chennai,Pizza,3,269.03,3
780,03-10-2025,06:13,Salem,Pasta,5,395.15,4.1
781,14-03-2025,22:44,Salem,Chicken 65,1,238.17,4.8
782,23-01-2025,08:10,Coimbatore,Biryani,3,164.29,4.4
783,28-01-2025,14:41,Tirunelveli,Biryani,1,243.23,3.5
784,04-07-2025,03:01,Tirunelveli,Idli,4,177.09,3.8
785,20-02-2025,10:31,Trichy,Sandwich,5,116.97,3.4
786,15-10-2025,22:01,Trichy,Biryani,2,467.35,3.6
787,21-07-2025,23:10,Coimbatore,Biryani,3,367.41,3.7
788,01-05-2025,16:17,Madurai,Biryani,3,449.04,4.8
789,12-10-2025,08:14,Madurai,Burger,3,456.81,4.3
790,15-07-2025,16:43,Trichy,Sandwich,2,255.28,4.1
791,09-06-2025,19:21,Salem,Noodles,5,135.34,4.3
792,05-10-2025,21:51,Salem,Dosa,2,209.78,4.4
793,11-03-2025,13:58,Salem,Burger,5,465.19,3.6
794,30-09-2025,23:07,Madurai,Burger,3,432.6,3.3
795,13-06-2025,13:26,Tirunelveli,Idli,4,393.16,4.6
796,21-05-2025,04:49,Salem,Dosa,1,135.25,3.1
797,12-11-2025,08:38,Tirunelveli,Sandwich,5,176.98,3.5
798,14-01-2025,11:05,Trichy,Paneer Butter Masala,4,136.32,4.7
799,31-12-2025,20:23,Chennai,Burger,4,286.41,3.3
800,26-04-2025,01:26,Tirunelveli,Biryani,3,479.08,3.4
801,14-04-2025,06:04,Coimbatore,Burger,4,444.19,4
802,23-08-2025,07:27,Tirunelveli,Parotta,1,335.33,4.6
803,10-06-2025,12:39,Tirunelveli,Paneer Butter Masala,5,329.4,4.1
804,20-01-2025,16:06,Chennai,Noodles,4,427.34,3.1
805,23-09-2025,17:25,Tirunelveli,Paneer Butter Masala,1,314.23,4
806,26-01-2025,06:18,Coimbatore,Noodles,4,451.45,4.5
807,25-08-2025,05:27,Chennai,Idli,5,465.99,4.4
808,26-08-2025,20:28,Tirunelveli,Pizza,5,127.53,4.6
809,07-10-2025,04:25,Salem,Parotta,3,269.37,3.4
810,31-12-2025,06:56,Tirunelveli,Noodles,1,185.03,4.4
811,25-03-2025,22:46,Coimbatore,Pizza,1,127.95,3.9
812,13-02-2025,16:45,Salem,Parotta,5,337.07,3.3
813,14-07-2025,01:49,Chennai,Burger,3,317.51,4.3
814,25-03-2025,04:11,Trichy,Paneer Butter Masala,1,256.22,3.6
815,28-05-2025,20:11,Coimbatore,Pizza,2,483.38,3
816,07-01-2025,14:31,Trichy,Noodles,5,419.13,4.2
817,02-05-2025,06:37,Salem,Chicken 65,4,270.57,3.9
818,04-11-2025,00:15,Chennai,Pasta,3,340.3,4.1
819,26-01-2025,05:09,Tirunelveli,Biryani,3,95.42,4.7
820,23-10-2025,19:19,Chennai,Fried Rice,1,100.59,3.8
821,24-03-2025,21:18,Trichy,Sandwich,5,320.36,4.1
822,24-10-2025,11:59,Trichy,Biryani,1,402.78,3.6
823,04-02-2025,13:53,Tirunelveli,Pasta,1,202.99,3.3
824,21-05-2025,10:33,Madurai,Parotta,5,168.14,3.4
825,25-02-2025,18:46,Tirunelveli,Chicken 65,5,494.62,4
826,06-11-2025,22:18,Salem,Parotta,5,436.08,3.5
827,16-11-2025,11:59,Tirunelveli,Burger,5,316.31,4
828,12-09-2025,15:51,Chennai,Burger,5,177.74,3.6
829,01-01-2025,03:01,Salem,Noodles,1,389.74,3.4
830,01-08-2025,13:02,Madurai,Fried Rice,3,315.37,4.3
831,24-11-2025,06:44,Salem,Idli,3,411.88,3.6
832,09-10-2025,10:49,Tirunelveli,Biryani,1,368.05,3.7
833,19-10-2025,19:01,Tirunelveli,Burger,2,218.82,3.7
834,03-09-2025,15:51,Salem,Biryani,2,282.23,4.3
835,21-06-2025,14:50,Tirunelveli,Parotta,1,430.74,3.6
836,14-12-2025,10:35,Coimbatore,Pasta,1,167.47,4.4
837,03-02-2025,04:17,Chennai,Biryani,3,493.12,4.3
838,20-10-2025,19:24,Coimbatore,Burger,5,129.07,4.6
839,28-12-2025,10:45,Chennai,Biryani,3,253.83,4
840,10-07-2025,14:53,Coimbatore,Idli,2,300.54,3.4
841,20-01-2025,06:58,Salem,Pizza,4,292.52,4.6
842,20-03-2025,06:21,Madurai,Noodles,5,210.35,3.7
843,22-09-2025,21:08,Salem,Dosa,1,272.93,4.4
844,01-03-2025,00:19,Madurai,Biryani,5,446.19,3.7
845,22-02-2025,16:49,Tirunelveli,Chicken 65,3,89.44,4.5
846,18-04-2025,10:12,Trichy,Dosa,3,196.19,3.6
847,10-12-2025,03:17,Salem,Burger,2,194.93,3
848,14-10-2025,16:06,Chennai,Dosa,5,227.13,3.6
849,27-12-2025,09:36,Coimbatore,Dosa,2,109.92,4.2
850,04-10-2025,14:03,Madurai,Burger,1,277.71,4.4
851,16-07-2025,01:05,Salem,Parotta,4,155.17,4.2
852,19-11-2025,22:44,Chennai,Noodles,5,229.36,3.7
853,10-12-2025,17:05,Tirunelveli,Noodles,5,135.35,4.6
854,28-08-2025,03:29,Chennai,Idli,4,277.63,4.9
855,12-11-2025,08:58,Coimbatore,Fried Rice,4,157.01,4.8
856,16-06-2025,14:31,Trichy,Biryani,1,279.64,3.7
857,29-03-2025,09:49,Trichy,Fried Rice,5,321.36,4
858,24-02-2025,10:35,Trichy,Chicken 65,1,412.82,4.1
859,30-10-2025,13:15,Trichy,Sandwich,2,310.14,4.9
860,03-02-2025,10:13,Salem,Paneer Butter Masala,5,261.08,5
861,25-06-2025,17:44,Tirunelveli,Dosa,2,358.3,3.2
862,21-10-2025,15:07,Trichy,Sandwich,5,274.42,4.1
863,01-04-2025,09:25,Trichy,Pizza,5,125.67,4.6
864,17-06-2025,15:41,Salem,Chicken 65,1,118.02,4.6
865,22-11-2025,00:48,Salem,Burger,2,270.25,3.6
866,23-10-2025,14:12,Tirunelveli,Dosa,3,205.89,4.6
867,05-06-2025,13:45,Salem,Fried Rice,1,324.75,4.2
868,26-07-2025,04:54,Madurai,Idli,1,235.07,4.1
869,01-01-2025,22:35,Chennai,Fried Rice,1,441.72,4.7
870,10-08-2025,22:37,Trichy,Parotta,3,378.94,3.8
871,07-10-2025,06:42,Coimbatore,Burger,4,138.41,4.1
872,02-08-2025,04:18,Madurai,Chicken 65,2,136.4,3.1
873,15-03-2025,23:56,Chennai,Noodles,4,489.49,3.3
874,25-11-2025,13:55,Trichy,Noodles,5,470.73,4.2
875,18-09-2025,13:35,Salem,Noodles,4,229.23,3.4
876,04-01-2025,18:31,Salem,Paneer Butter Masala,2,379.09,3.5
877,23-10-2025,11:02,Salem,Biryani,5,282.97,3.7
878,04-09-2025,22:05,Coimbatore,Burger,5,493.1,5
879,27-08-2025,16:05,Tirunelveli,Pasta,5,117.15,3.9
880,06-12-2025,21:04,Madurai,Chicken 65,5,415.2,3.6
881,25-06-2025,17:49,Salem,Biryani,4,270.69,4.8
882,19-06-2025,13:22,Salem,Idli,3,150.35,4.4
883,05-06-2025,23:50,Chennai,Sandwich,3,105.8,3.9
884,21-10-2025,01:42,Chennai,Idli,5,91.47,4
885,16-09-2025,02:54,Coimbatore,Idli,3,135.67,3.6
886,08-01-2025,23:07,Tirunelveli,Sandwich,2,462.26,4.5
887,17-08-2025,11:51,Chennai,Burger,3,408.66,3.5
888,28-09-2025,01:21,Trichy,Pizza,2,330.13,4.6
889,31-07-2025,12:15,Salem,Chicken 65,4,384.92,3.3
890,26-06-2025,01:41,Trichy,Idli,1,102.06,3.9
891,04-06-2025,15:47,Trichy,Pasta,2,239.52,4.4
892,15-05-2025,04:33,Trichy,Parotta,1,201.29,4.6
893,14-12-2025,10:33,Coimbatore,Chicken 65,1,120.89,4.1
894,10-08-2025,19:58,Madurai,Chicken 65,3,220.69,3.5
895,11-05-2025,20:37,Tirunelveli,Parotta,4,404.72,4.5
896,11-12-2025,18:49,Chennai,Dosa,5,221.71,4.4
897,10-06-2025,17:00,Madurai,Chicken 65,1,429.31,3
898,26-09-2025,03:43,Chennai,Noodles,3,172.15,3.6
899,18-01-2025,00:39,Chennai,Pizza,1,474.17,4.3
900,03-11-2025,20:07,Trichy,Paneer Butter Masala,1,116.28,4.2
901,03-12-2025,20:36,Trichy,Burger,1,372.17,3.5
902,05-12-2025,02:40,Tirunelveli,Noodles,3,403.13,4.4
903,15-06-2025,08:10,Coimbatore,Pizza,3,406.38,3.8
904,31-01-2025,08:52,Chennai,Idli,2,265.04,4
905,09-11-2025,12:11,Trichy,Chicken 65,4,125.54,4.1
906,22-04-2025,19:41,Madurai,Pizza,4,380.47,3.2
907,06-02-2025,18:46,Tirunelveli,Idli,4,87.88,4
908,24-11-2025,00:59,Trichy,Biryani,4,191.9,4.4
909,22-10-2025,00:32,Tirunelveli,Paneer Butter Masala,4,280.82,3.8
910,05-02-2025,17:14,Trichy,Biryani,4,480.75,4.6
911,04-03-2025,18:34,Tirunelveli,Fried Rice,3,366.37,3.8
912,28-11-2025,02:23,Coimbatore,Pasta,3,113.79,3.9
913,28-11-2025,06:11,Coimbatore,Pasta,1,486.36,4.3
914,23-12-2025,12:57,Trichy,Pizza,3,284.33,4.8
915,08-04-2025,04:02,Trichy,Dosa,1,382.29,4.2
916,19-07-2025,02:50,Trichy,Pasta,3,289.87,4.9
917,09-01-2025,01:21,Madurai,Biryani,3,410.87,3.1
918,19-04-2025,20:42,Salem,Pasta,4,474.84,4.7
919,18-03-2025,23:37,Tirunelveli,Dosa,1,95.49,3.3
920,10-01-2025,15:58,Madurai,Sandwich,1,181.93,4.3
921,30-03-2025,20:03,Salem,Idli,1,271.6,3.3
922,02-02-2025,03:07,Chennai,Noodles,5,415.65,3.4
923,07-08-2025,10:51,Salem,Paneer Butter Masala,4,216.18,5
924,07-10-2025,04:20,Madurai,Dosa,1,329.1,3.7
925,21-05-2025,04:48,Trichy,Parotta,2,372.44,4.1
926,05-05-2025,18:02,Trichy,Burger,1,412.24,4.3
927,22-03-2025,00:56,Madurai,Noodles,1,82.67,3.4
928,28-12-2025,20:37,Trichy,Idli,4,371.27,4.6
929,21-12-2025,04:13,Chennai,Burger,3,299.7,3.8
930,09-11-2025,22:02,Madurai,Sandwich,2,381.22,4.2
931,18-11-2025,09:22,Salem,Parotta,1,314.24,3.4
932,18-02-2025,19:23,Tirunelveli,Pasta,5,172.1,4.5
933,17-04-2025,08:03,Trichy,Dosa,1,414.58,4.4
934,12-09-2025,05:10,Chennai,Chicken 65,1,102.69,3.7
935,11-08-2025,08:21,Salem,Sandwich,4,98.19,4.5
936,01-04-2025,05:50,Chennai,Biryani,4,296.26,3.1
937,16-08-2025,18:37,Coimbatore,Fried Rice,4,163.48,4.4
938,28-04-2025,03:20,Chennai,Dosa,1,179.59,3.8
939,12-07-2025,07:04,Chennai,Noodles,5,283.45,4.8
940,21-04-2025,19:29,Chennai,Burger,4,236.86,3.9
941,20-11-2025,11:17,Madurai,Dosa,3,133.43,4.4
942,24-05-2025,04:07,Chennai,Noodles,4,255.65,4.5
943,01-06-2025,19:10,Salem,Chicken 65,5,460.34,4.2
944,28-04-2025,02:26,Trichy,Pasta,4,442.12,3.4
945,25-08-2025,08:00,Coimbatore,Paneer Butter Masala,4,389.2,3.5
946,11-08-2025,18:14,Trichy,Sandwich,2,463.78,4.8
947,23-01-2025,01:30,Trichy,Paneer Butter Masala,5,94.12,4.1
948,23-12-2025,03:28,Tirunelveli,Noodles,2,114.9,4.5
949,28-07-2025,06:08,Madurai,Fried Rice,3,180.41,5
950,03-09-2025,21:19,Madurai,Burger,4,440.33,4.5
951,21-08-2025,14:49,Tirunelveli,Burger,4,157.68,4.7
952,26-08-2025,22:40,Salem,Biryani,1,241.65,4.4
953,17-01-2025,09:27,Tirunelveli,Idli,5,307.82,4.6
954,11-02-2025,19:56,Coimbatore,Fried Rice,1,296.19,4.8
955,27-01-2025,03:24,Chennai,Fried Rice,4,340.04,3.7
956,28-11-2025,17:45,Coimbatore,Pizza,5,377.92,3.4
957,03-05-2025,17:07,Tirunelveli,Chicken 65,4,389.7,4.5
958,18-04-2025,23:48,Tirunelveli,Dosa,3,228.14,3.5
959,05-08-2025,08:03,Salem,Pizza,3,225,4
960,04-03-2025,15:45,Coimbatore,Pasta,5,457.77,3.9
961,11-12-2025,22:51,Madurai,Pizza,2,454.6,3.9
962,20-07-2025,05:18,Chennai,Pizza,1,149.2,3.2
963,12-09-2025,04:55,Trichy,Dosa,5,479.88,3
964,16-12-2025,17:59,Tirunelveli,Burger,4,225.61,3.9
965,11-01-2025,09:12,Salem,Pizza,1,446.15,3.5
966,27-11-2025,10:26,Trichy,Sandwich,3,355.42,4.6
967,31-10-2025,21:44,Chennai,Pasta,5,267.01,3.6
968,06-06-2025,05:50,Madurai,Idli,2,283.38,4.9
969,17-03-2025,11:18,Salem,Noodles,2,339.82,3.3
970,27-05-2025,05:11,Coimbatore,Paneer Butter Masala,2,147.73,3.2
971,22-10-2025,04:28,Madurai,Idli,3,157.49,4.1
972,07-12-2025,10:22,Salem,Burger,3,268.34,5
973,04-06-2025,03:58,Trichy,Biryani,4,471.05,4.5
974,13-06-2025,04:00,Tirunelveli,Paneer Butter Masala,5,489.75,3.7
975,01-06-2025,15:57,Tirunelveli,Idli,5,360.09,4.6
976,15-08-2025,10:44,Salem,Pizza,4,458.07,3.3
977,01-03-2025,09:01,Madurai,Parotta,5,433.17,3.9
978,17-06-2025,01:38,Coimbatore,Chicken 65,2,325.04,3.4
979,11-04-2025,00:05,Salem,Pasta,4,364.37,4.9
980,21-07-2025,06:31,Tirunelveli,Fried Rice,5,334.13,4.9
981,04-07-2025,12:09,Coimbatore,Paneer Butter Masala,4,235.24,3.7
982,26-06-2025,11:19,Trichy,Noodles,5,116.79,4.5
983,01-08-2025,14:18,Salem,Burger,4,386.01,3.8
984,03-11-2025,02:09,Coimbatore,Dosa,3,279.34,4.7
985,03-02-2025,18:48,Coimbatore,Parotta,1,82.78,4.3
986,01-08-2025,05:35,Chennai,Noodles,5,397.2,3.3
987,15-07-2025,09:35,Salem,Noodles,1,425.58,3.6
988,05-06-2025,15:35,Chennai,Paneer Butter Masala,4,174.3,4.6
989,15-05-2025,09:40,Coimbatore,Chicken 65,4,132.15,4.3
990,02-08-2025,05:31,Trichy,Paneer Butter Masala,2,91.95,4.5
991,04-02-2025,19:47,Coimbatore,Fried Rice,5,281.8,3.9
992,18-11-2025,21:30,Madurai,Paneer Butter Masala,1,236.74,4.5
993,13-05-2025,05:37,Chennai,Biryani,2,214.27,4.8
994,02-07-2025,05:03,Coimbatore,Idli,3,256.2,4.8
995,25-01-2025,09:18,Chennai,Pasta,1,295.82,4.5
996,18-02-2025,19:48,Tirunelveli,Burger,5,215.49,3.6
997,04-06-2025,08:43,Chennai,Paneer Butter Masala,3,120.25,4.2
998,07-01-2025,04:33,Chennai,Idli,3,407.1,3.8
999,22-02-2025,06:09,Salem,Pasta,2,429.26,4.6
1000,11-11-2025,22:53,Madurai,Pasta,5,379.27,4.4
